{
  "version": 1,
  "author": "Anonymous maker",
  "editor": "wokwi",
  "parts": [
    { "type": "wokwi-arduino-uno", "id": "uno", "top": 115.8, "left": -39, "attrs": {} },
    {
      "type": "wokwi-hc-sr04",
      "id": "ultrasonic1",
      "top": -123.3,
      "left": 5.5,
      "attrs": { "distance": "400" }
    }
  ],
  "connections": [
    [ "ultrasonic1:GND", "uno:GND.1", "black", [ "v115.2", "h-30" ] ],
    [ "ultrasonic1:VCC", "uno:3.3V", "red", [ "v96", "h-134.4", "v249.6", "h172.8" ] ],
    [ "ultrasonic1:TRIG", "uno:12", "green", [ "v96", "h38", "v28.8", "h-28.8" ] ],
    [ "ultrasonic1:ECHO", "uno:13", "green", [ "v105.6", "h-10.4" ] ]
  ],
  "dependencies": {}
}